<?xml version="1.0" encoding="UTF-8"?>
<addon
  id="resource.language.fo_fo"
  version="10.0.40"
  name="Faroese"
  provider-name="Team Kodi">
  <requires>
    <import addon="kodi.resource" version="1.0.0"/>
  </requires>
  <extension
    point="kodi.resource.language"
    locale="fo_FO">
    <charsets>
      <gui>CP1252</gui>
      <subtitle>CP1252</subtitle>
    </charsets>
    <sorttokens>
      <token>The</token>
    </sorttokens>
  </extension>
  <extension point="kodi.addon.metadata">
    <summary lang="en_GB">Faroese language pack</summary>
    <description lang="en_GB">Faroese version of all texts used in Kodi.</description>
    <platform>all</platform>
    <assets>
      <icon>icon.png</icon>
    </assets>
  </extension>
</addon>
