<?xml version="1.0" encoding="utf-8" standalone="yes"?>
<language locale="fil">
  <regions>
    <region name="Philippines (12h)" locale="PH">
      <dateshort>MM/DD/YYYY</dateshort>
      <datelong>DDDD, MMMM D, YYYY</datelong>
      <time symbolAM="AM" symbolPM="PM">h:mm:ss xx</time>
      <tempunit>C</tempunit>
      <speedunit>kmh</speedunit>
      <timezone>PHST</timezone>
    </region>
	<region name="Philippines (24h)" locale="PH">
      <dateshort>MM/DD/YYYY</dateshort>
      <datelong>DDDD, MMMM D, YYYY</datelong>
      <time symbolAM="" symbolPM="">H:mm:ss</time>
      <tempunit>C</tempunit>
      <speedunit>kmh</speedunit>
      <timezone>PHST</timezone>
    </region>
  </regions>
</language>
